{"commands.add.title":"新建远程","commands.configureSsh.title":"打开 SSH 配置文件","commands.connectToFolderInCurrentWindow.title":"在当前窗口中连接...","commands.connectToFolderInNewWindow.title":"在新窗口中连接...","commands.connectToRemoteInCurrentWindow.title":"在当前窗口中连接...","commands.connectToRemoteInNewWindow.title":"在新窗口中连接...","commands.deleteFolderHistoryItem.title":"从最近使用列表中删除","commands.refresh.title":"刷新","commands.signIntoGateway.title":"使用 GitHub 登录","commands.unregisterTunnel.title":"注销隧道","settings.foldersSortOrder.alphabetical.description":"按字母顺序显示文件夹","settings.foldersSortOrder.description":"指定在远程资源管理器的远程目标下显示文件夹的顺序。","settings.foldersSortOrder.mru.description":"按最近在顶部打开的顺序显示文件夹","views.remote.title":"远程"}
