{"commands.add.title":"新しいリモート","commands.configureSsh.title":"SSH 構成ファイルを開く","commands.connectToFolderInCurrentWindow.title":"現在のウィンドウで接続...","commands.connectToFolderInNewWindow.title":"新しいウィンドウで接続...","commands.connectToRemoteInCurrentWindow.title":"現在のウィンドウで接続...","commands.connectToRemoteInNewWindow.title":"新しいウィンドウで接続...","commands.deleteFolderHistoryItem.title":"最近使用したリストから削除","commands.refresh.title":"更新する","commands.signIntoGateway.title":"GitHub アカウントでサインイン","commands.unregisterTunnel.title":"トンネルの登録解除","settings.foldersSortOrder.alphabetical.description":"フォルダーをアルファベット順に表示する","settings.foldersSortOrder.description":"リモート エクスプローラーでリモート ターゲットの下にフォルダーを表示する順序を指定します。","settings.foldersSortOrder.mru.description":"上部で、最近開いた順にフォルダーを表示する","views.remote.title":"リモート"}
