{"commands.add.title":"Neues Remote","commands.configureSsh.title":"SSH-Konfigurationsdatei öffnen","commands.connectToFolderInCurrentWindow.title":"Verbindung im aktuellen Fenster herstellen...","commands.connectToFolderInNewWindow.title":"Verbindung in neuem Fenster herstellen...","commands.connectToRemoteInCurrentWindow.title":"Verbindung im aktuellen Fenster herstellen...","commands.connectToRemoteInNewWindow.title":"Verbindung in neuem Fenster herstellen...","commands.deleteFolderHistoryItem.title":"Aus Liste der aktuellen Elemente entfernen","commands.refresh.title":"Aktualisieren","commands.signIntoGateway.title":"Mit GitHub anmelden","commands.unregisterTunnel.title":"Registrierung des Tunnels aufheben","settings.foldersSortOrder.alphabetical.description":"Ordner in alphabetischer Reihenfolge anzeigen","settings.foldersSortOrder.description":"Gibt die Reihenfolge an, in der Ordner unter „Remote--Ziele\" im Remote-Explorer angezeigt werden.","settings.foldersSortOrder.mru.description":"Anzeigen von Ordnern oben in der Reihenfolge der zuletzt geöffneten","views.remote.title":"Remote"}
