{"commands.add.title":"Nový vzdálený","commands.configureSsh.title":"Otevřít konfigurační soubor SSH","commands.connectToFolderInCurrentWindow.title":"Připojení v aktuálním okně...","commands.connectToFolderInNewWindow.title":"Připojení v novém okně...","commands.connectToRemoteInCurrentWindow.title":"Připojení v aktuálním okně...","commands.connectToRemoteInNewWindow.title":"Připojení v novém okně...","commands.deleteFolderHistoryItem.title":"Odebrat ze seznamu naposledy použitých","commands.refresh.title":"Aktualizovat","commands.signIntoGateway.title":"Přihlásit se přes GitHub","commands.unregisterTunnel.title":"Zrušit registraci tunelu","settings.foldersSortOrder.alphabetical.description":"Zobrazit složky v abecedním pořadí","settings.foldersSortOrder.description":"Určuje pořadí, ve kterém se mají zobrazovat složky v části Vzdálené cíle ve Vzdáleném průzkumníku.","settings.foldersSortOrder.mru.description":"Zobrazit složky v pořadí od naposledy otevřených nahoře","views.remote.title":"Vzdálená pošta"}
