{"commands.add.title":"Nouveau distant","commands.configureSsh.title":"Ouvrir le fichier de configuration SSH","commands.connectToFolderInCurrentWindow.title":"Se connecter dans la fenêtre active...","commands.connectToFolderInNewWindow.title":"Se connecter dans une nouvelle fenêtre...","commands.connectToRemoteInCurrentWindow.title":"Se connecter dans la fenêtre active...","commands.connectToRemoteInNewWindow.title":"Se connecter dans une nouvelle fenêtre...","commands.deleteFolderHistoryItem.title":"Supprimer de la liste récente","commands.refresh.title":"Actualiser","commands.signIntoGateway.title":"Se connecter avec GitHub","commands.unregisterTunnel.title":"Annuler l’inscription du tunnel","settings.foldersSortOrder.alphabetical.description":"Afficher les dossiers par ordre alphabétique","settings.foldersSortOrder.description":"Spécifie l’ordre dans lequel afficher les dossiers sous cibles distantes dans l’Explorateur distant.","settings.foldersSortOrder.mru.description":"Afficher les dossiers dans l’ordre des dossiers récemment ouvert en haut","views.remote.title":"À distance"}
