{"commands.add.title":"Nuovo remoto","commands.configureSsh.title":"Aprire file di configurazione SSH","commands.connectToFolderInCurrentWindow.title":"Connettersi nella finestra corrente...","commands.connectToFolderInNewWindow.title":"Connettersi in una nuova finestra...","commands.connectToRemoteInCurrentWindow.title":"Connettersi nella finestra corrente...","commands.connectToRemoteInNewWindow.title":"Connettersi in una nuova finestra...","commands.deleteFolderHistoryItem.title":"Rimuovere da elenco degli elementi recenti","commands.refresh.title":"Aggiorna","commands.signIntoGateway.title":"Accedi con GitHub","commands.unregisterTunnel.title":"Annulla registrazione tunnel","settings.foldersSortOrder.alphabetical.description":"Visualizzare le cartelle in ordine alfabetico","settings.foldersSortOrder.description":"Specificare l'ordine in cui visualizzare le cartelle in Destinazioni remote nell’Explorer remoto.","settings.foldersSortOrder.mru.description":"Visualizzare le cartelle in ordine di apertura dal più recente in cima","views.remote.title":"Remoto"}
