[{"identifier":{"id":"golang.go","uuid":"d6f6cfea-4b6f-41f4-b571-6ad2ab7918da"},"version":"0.37.0","location":{"$mid":1,"fsPath":"c:\\Users\\a872700\\.vscode\\extensions\\golang.go-0.37.0","_sep":1,"path":"/c:/Users/a872700/.vscode/extensions/golang.go-0.37.0","scheme":"file"},"metadata":{"id":"d6f6cfea-4b6f-41f4-b571-6ad2ab7918da","publisherId":"dbf6ae0a-da75-4167-ac8b-75b4512f2153","publisherDisplayName":"Go Team at Google","targetPlatform":"undefined","isApplicationScoped":false,"updated":true,"isPreReleaseVersion":false,"installedTimestamp":1671535336256,"preRelease":false}},{"identifier":{"id":"ms-python.isort","uuid":"4ad0ce32-ff3f-49f0-83b5-93e5dc00cfff"},"version":"2022.8.0","location":{"$mid":1,"fsPath":"c:\\Users\\a872700\\.vscode\\extensions\\ms-python.isort-2022.8.0","_sep":1,"path":"/c:/Users/a872700/.vscode/extensions/ms-python.isort-2022.8.0","scheme":"file"},"metadata":{"id":"4ad0ce32-ff3f-49f0-83b5-93e5dc00cfff","publisherId":"998b010b-e2af-44a5-a6cd-0b5fd3b9b6f8","publisherDisplayName":"Microsoft","targetPlatform":"undefined","isApplicationScoped":false,"updated":false,"isPreReleaseVersion":false,"installedTimestamp":1669378441863,"preRelease":false}},{"identifier":{"id":"ms-python.vscode-pylance","uuid":"364d2426-116a-433a-a5d8-a5098dc3afbd"},"version":"2022.12.20","location":{"$mid":1,"fsPath":"c:\\Users\\a872700\\.vscode\\extensions\\ms-python.vscode-pylance-2022.12.20","_sep":1,"path":"/c:/Users/a872700/.vscode/extensions/ms-python.vscode-pylance-2022.12.20","scheme":"file"},"metadata":{"id":"364d2426-116a-433a-a5d8-a5098dc3afbd","publisherId":"998b010b-e2af-44a5-a6cd-0b5fd3b9b6f8","publisherDisplayName":"Microsoft","targetPlatform":"undefined","isApplicationScoped":false,"updated":true,"isPreReleaseVersion":false,"installedTimestamp":1670821558150,"preRelease":false}},{"identifier":{"id":"ms-toolsai.jupyter-keymap","uuid":"9f6dc8db-620c-4844-b8c5-e74914f1be27"},"version":"1.0.0","location":{"$mid":1,"fsPath":"c:\\Users\\a872700\\.vscode\\extensions\\ms-toolsai.jupyter-keymap-1.0.0","_sep":1,"path":"/c:/Users/a872700/.vscode/extensions/ms-toolsai.jupyter-keymap-1.0.0","scheme":"file"},"metadata":{"id":"9f6dc8db-620c-4844-b8c5-e74914f1be27","publisherId":"ac8eb7c9-3e59-4b39-8040-f0484d8170ce","publisherDisplayName":"Microsoft","targetPlatform":"undefined","isApplicationScoped":false,"updated":false,"isPreReleaseVersion":false,"installedTimestamp":1669378412008,"preRelease":false}},{"identifier":{"id":"ms-toolsai.jupyter-renderers","uuid":"b15c72f8-d5fe-421a-a4f7-27ed9f6addbf"},"version":"1.0.12","location":{"$mid":1,"fsPath":"c:\\Users\\a872700\\.vscode\\extensions\\ms-toolsai.jupyter-renderers-1.0.12","_sep":1,"path":"/c:/Users/a872700/.vscode/extensions/ms-toolsai.jupyter-renderers-1.0.12","scheme":"file"},"metadata":{"id":"b15c72f8-d5fe-421a-a4f7-27ed9f6addbf","publisherId":"ac8eb7c9-3e59-4b39-8040-f0484d8170ce","publisherDisplayName":"Microsoft","targetPlatform":"undefined","isApplicationScoped":false,"updated":false,"isPreReleaseVersion":false,"installedTimestamp":1669378412035,"preRelease":false}},{"identifier":{"id":"ms-toolsai.vscode-jupyter-cell-tags","uuid":"ab4fb32a-befb-4102-adf9-1652d0cd6a5e"},"version":"0.1.6","location":{"$mid":1,"fsPath":"c:\\Users\\a872700\\.vscode\\extensions\\ms-toolsai.vscode-jupyter-cell-tags-0.1.6","_sep":1,"path":"/c:/Users/a872700/.vscode/extensions/ms-toolsai.vscode-jupyter-cell-tags-0.1.6","scheme":"file"},"metadata":{"id":"ab4fb32a-befb-4102-adf9-1652d0cd6a5e","publisherId":"ac8eb7c9-3e59-4b39-8040-f0484d8170ce","publisherDisplayName":"Microsoft","targetPlatform":"undefined","isApplicationScoped":false,"updated":false,"isPreReleaseVersion":false,"installedTimestamp":1669378412069,"preRelease":false}},{"identifier":{"id":"ms-toolsai.vscode-jupyter-slideshow","uuid":"e153ca70-b543-4865-b4c5-b31d34185948"},"version":"0.1.5","location":{"$mid":1,"fsPath":"c:\\Users\\a872700\\.vscode\\extensions\\ms-toolsai.vscode-jupyter-slideshow-0.1.5","_sep":1,"path":"/c:/Users/a872700/.vscode/extensions/ms-toolsai.vscode-jupyter-slideshow-0.1.5","scheme":"file"},"metadata":{"id":"e153ca70-b543-4865-b4c5-b31d34185948","publisherId":"ac8eb7c9-3e59-4b39-8040-f0484d8170ce","publisherDisplayName":"Microsoft","targetPlatform":"undefined","isApplicationScoped":false,"updated":false,"isPreReleaseVersion":false,"installedTimestamp":1669378412054,"preRelease":false}},{"identifier":{"id":"redhat.ansible","uuid":"f8cb4642-bc5c-46a1-be34-0977e817406c"},"version":"1.0.90","location":{"$mid":1,"fsPath":"c:\\Users\\a872700\\.vscode\\extensions\\redhat.ansible-1.0.90","_sep":1,"path":"/c:/Users/a872700/.vscode/extensions/redhat.ansible-1.0.90","scheme":"file"},"metadata":{"id":"f8cb4642-bc5c-46a1-be34-0977e817406c","publisherId":"eed56242-9699-4317-8bc7-e9f4b9bdd3ff","publisherDisplayName":"Red Hat","targetPlatform":"undefined","isApplicationScoped":false,"updated":false,"isPreReleaseVersion":false,"installedTimestamp":1669378479051,"preRelease":false}},{"identifier":{"id":"redhat.vscode-yaml","uuid":"2061917f-f76a-458a-8da9-f162de22b97e"},"version":"1.10.1","location":{"$mid":1,"fsPath":"c:\\Users\\a872700\\.vscode\\extensions\\redhat.vscode-yaml-1.10.1","_sep":1,"path":"/c:/Users/a872700/.vscode/extensions/redhat.vscode-yaml-1.10.1","scheme":"file"},"metadata":{"id":"2061917f-f76a-458a-8da9-f162de22b97e","publisherDisplayName":"Red Hat","publisherId":"eed56242-9699-4317-8bc7-e9f4b9bdd3ff","isPreReleaseVersion":false,"targetPlatform":"undefined","isApplicationScoped":false,"updated":false,"installedTimestamp":1669378412091,"preRelease":false}},{"identifier":{"id":"yseop.vscode-yseopml","uuid":"eedb76b5-1e79-4ab5-a48d-68ffd0938a15"},"version":"1.16.0","location":{"$mid":1,"fsPath":"c:\\Users\\a872700\\.vscode\\extensions\\yseop.vscode-yseopml-1.16.0","_sep":1,"path":"/c:/Users/a872700/.vscode/extensions/yseop.vscode-yseopml-1.16.0","scheme":"file"},"metadata":{"id":"eedb76b5-1e79-4ab5-a48d-68ffd0938a15","publisherId":"90f2f223-e657-49cc-93e3-7d1d6eb2a2f3","publisherDisplayName":"Yseop","targetPlatform":"undefined","isApplicationScoped":false,"updated":false,"isPreReleaseVersion":false,"installedTimestamp":1669696503537,"preRelease":false}},{"identifier":{"id":"ms-toolsai.jupyter","uuid":"6c2f1801-1e7f-45b2-9b5c-7782f1e076e8"},"version":"2022.11.1003412109","location":{"$mid":1,"fsPath":"c:\\Users\\a872700\\.vscode\\extensions\\ms-toolsai.jupyter-2022.11.1003412109","_sep":1,"path":"/c:/Users/a872700/.vscode/extensions/ms-toolsai.jupyter-2022.11.1003412109","scheme":"file"},"metadata":{"id":"6c2f1801-1e7f-45b2-9b5c-7782f1e076e8","publisherId":"ac8eb7c9-3e59-4b39-8040-f0484d8170ce","publisherDisplayName":"Microsoft","targetPlatform":"undefined","isApplicationScoped":false,"updated":true,"isPreReleaseVersion":false,"installedTimestamp":1671604124367,"preRelease":false}},{"identifier":{"id":"ms-python.python","uuid":"f1f59ae4-9318-4f3c-a9b5-81b2eaa5f8a5"},"version":"2022.20.1","location":{"$mid":1,"fsPath":"c:\\Users\\a872700\\.vscode\\extensions\\ms-python.python-2022.20.1","_sep":1,"path":"/c:/Users/a872700/.vscode/extensions/ms-python.python-2022.20.1","scheme":"file"},"metadata":{"id":"f1f59ae4-9318-4f3c-a9b5-81b2eaa5f8a5","publisherId":"998b010b-e2af-44a5-a6cd-0b5fd3b9b6f8","publisherDisplayName":"Microsoft","targetPlatform":"undefined","isApplicationScoped":false,"updated":true,"isPreReleaseVersion":false,"installedTimestamp":1671604124265,"preRelease":false}},{"identifier":{"id":"ms-vscode-remote.remote-ssh-edit","uuid":"bfeaf631-bcff-4908-93ed-fda4ef9a0c5c"},"version":"0.84.0","location":{"$mid":1,"fsPath":"c:\\Users\\a872700\\.vscode\\extensions\\ms-vscode-remote.remote-ssh-edit-0.84.0","_sep":1,"path":"/c:/Users/a872700/.vscode/extensions/ms-vscode-remote.remote-ssh-edit-0.84.0","scheme":"file"},"metadata":{"id":"bfeaf631-bcff-4908-93ed-fda4ef9a0c5c","publisherId":"ac9410a2-0d75-40ec-90de-b59bb705801d","publisherDisplayName":"Microsoft","targetPlatform":"undefined","isApplicationScoped":false,"updated":false,"isPreReleaseVersion":false,"installedTimestamp":1671604252574,"preRelease":false}},{"identifier":{"id":"ms-vscode.remote-explorer","uuid":"11858313-52cc-4e57-b3e4-d7b65281e34b"},"version":"0.0.3","location":{"$mid":1,"fsPath":"c:\\Users\\a872700\\.vscode\\extensions\\ms-vscode.remote-explorer-0.0.3","_sep":1,"path":"/c:/Users/a872700/.vscode/extensions/ms-vscode.remote-explorer-0.0.3","scheme":"file"},"metadata":{"id":"11858313-52cc-4e57-b3e4-d7b65281e34b","publisherId":"5f5636e7-69ed-4afe-b5d6-8d231fb3d3ee","publisherDisplayName":"Microsoft","targetPlatform":"undefined","isApplicationScoped":false,"updated":false,"isPreReleaseVersion":false,"installedTimestamp":1671604252581,"preRelease":false}},{"identifier":{"id":"ms-vscode-remote.remote-ssh","uuid":"607fd052-be03-4363-b657-2bd62b83d28a"},"version":"0.94.0","location":{"$mid":1,"fsPath":"c:\\Users\\a872700\\.vscode\\extensions\\ms-vscode-remote.remote-ssh-0.94.0","_sep":1,"path":"/c:/Users/a872700/.vscode/extensions/ms-vscode-remote.remote-ssh-0.94.0","scheme":"file"},"metadata":{"id":"607fd052-be03-4363-b657-2bd62b83d28a","publisherId":"ac9410a2-0d75-40ec-90de-b59bb705801d","publisherDisplayName":"Microsoft","targetPlatform":"undefined","isApplicationScoped":false,"updated":false,"isPreReleaseVersion":false,"installedTimestamp":1671604255928,"preRelease":false}}]