{
	"comments": {
		"lineComment": "#"
	},
	"brackets": [
		[
			"{",
			"}"
		],
		[
			"[",
			"]"
		],
		[
			"(",
			")"
		]
	],
	"autoClosingPairs": [
		[
			"{",
			"}"
		],
		[
			"[",
			"]"
		],
		[
			"(",
			")"
		],
		[
			"\"",
			"\""
		],
		[
			"'",
			"'"
		]
	],
	"surroundingPairs": [
		[
			"{",
			"}"
		],
		[
			"[",
			"]"
		],
		[
			"(",
			")"
		],
		[
			"\"",
			"\""
		],
		[
			"'",
			"'"
		]
	],
	"indentationRules": {
		"increaseIndentPattern": "^Host .*",
		"decreaseIndentPattern": "^\\s+$"
	}
}